-- phpMyAdmin SQL Dump
-- version 5.2.1
-- https://www.phpmyadmin.net/
--
-- Host: 127.0.0.1
-- Tempo de geração: 16/03/2025 às 15:44
-- Versão do servidor: 10.4.32-MariaDB
-- Versão do PHP: 8.2.12

SET SQL_MODE = "NO_AUTO_VALUE_ON_ZERO";
START TRANSACTION;
SET time_zone = "+00:00";


/*!40101 SET @OLD_CHARACTER_SET_CLIENT=@@CHARACTER_SET_CLIENT */;
/*!40101 SET @OLD_CHARACTER_SET_RESULTS=@@CHARACTER_SET_RESULTS */;
/*!40101 SET @OLD_COLLATION_CONNECTION=@@COLLATION_CONNECTION */;
/*!40101 SET NAMES utf8mb4 */;

--
-- Banco de dados: `tecinternet_escola_joaopedro`
--
CREATE DATABASE IF NOT EXISTS `tecinternet_escola_joaopedro` DEFAULT CHARACTER SET utf8mb4 COLLATE utf8mb4_general_ci;
USE `tecinternet_escola_joaopedro`;

-- --------------------------------------------------------

--
-- Estrutura para tabela `alunos`
--

CREATE TABLE `alunos` (
  `id` int(11) NOT NULL,
  `nome` varchar(45) NOT NULL,
  `data_de_nacimento` date NOT NULL,
  `primeira_nota` decimal(4,2) NOT NULL,
  `segunda_nota` decimal(4,2) NOT NULL,
  `cursos_id` int(11) NOT NULL
) ENGINE=InnoDB DEFAULT CHARSET=utf8mb4 COLLATE=utf8mb4_general_ci;

--
-- Despejando dados para a tabela `alunos`
--

INSERT INTO `alunos` (`id`, `nome`, `data_de_nacimento`, `primeira_nota`, `segunda_nota`, `cursos_id`) VALUES
(1, 'Joao Silva', '1998-05-15', 7.50, 8.00, 1),
(2, 'Maria Oliveira', '1999-07-22', 9.00, 8.00, 2),
(3, 'Carlos Santos', '1998-11-10', 6.50, 7.50, 3),
(4, 'Ana Souza', '2001-02-05', 9.50, 9.00, 4),
(6, 'Beatriz Costa', '1997-05-28', 8.00, 7.00, 5),
(7, 'Gabriel Almeida', '1999-09-19', 7.00, 8.50, 4),
(9, 'Pedro Lima', '1998-08-25', 6.00, 5.50, 2),
(10, 'Laura Martins', '2000-12-14', 8.00, 8.50, 1);

-- --------------------------------------------------------

--
-- Estrutura para tabela `cursos`
--

CREATE TABLE `cursos` (
  `id` int(11) NOT NULL,
  `titulo` varchar(45) NOT NULL,
  `carga_horaria` int(11) NOT NULL,
  `professores_id` int(11) DEFAULT NULL
) ENGINE=InnoDB DEFAULT CHARSET=utf8mb4 COLLATE=utf8mb4_general_ci;

--
-- Despejando dados para a tabela `cursos`
--

INSERT INTO `cursos` (`id`, `titulo`, `carga_horaria`, `professores_id`) VALUES
(1, 'Front-End', 40, 5),
(2, 'Back-End', 80, 4),
(3, 'UX/UI Design', 30, 3),
(4, 'Adoble XD', 15, 2),
(5, 'Redes de Computadores', 100, 1);

-- --------------------------------------------------------

--
-- Estrutura para tabela `professores`
--

CREATE TABLE `professores` (
  `id` int(11) NOT NULL,
  `nome` varchar(45) NOT NULL,
  `area_de_atuacao` enum('design','desenvolvimento','infra') NOT NULL,
  `cursos_id` int(11) NOT NULL
) ENGINE=InnoDB DEFAULT CHARSET=utf8mb4 COLLATE=utf8mb4_general_ci;

--
-- Despejando dados para a tabela `professores`
--

INSERT INTO `professores` (`id`, `nome`, `area_de_atuacao`, `cursos_id`) VALUES
(1, 'Jon Oliva', 'infra', 5),
(2, 'Lemmy Kilmister', 'design', 4),
(3, 'Neil Peart', 'design', 3),
(4, 'Ozzy Osbourne', 'desenvolvimento', 2),
(5, 'David Gilmour', 'desenvolvimento', 1);

--
-- Índices para tabelas despejadas
--

--
-- Índices de tabela `alunos`
--
ALTER TABLE `alunos`
  ADD PRIMARY KEY (`id`),
  ADD KEY `fk_alunos_cursos` (`cursos_id`);

--
-- Índices de tabela `cursos`
--
ALTER TABLE `cursos`
  ADD PRIMARY KEY (`id`),
  ADD KEY `fk_cursos_professores` (`professores_id`);

--
-- Índices de tabela `professores`
--
ALTER TABLE `professores`
  ADD PRIMARY KEY (`id`),
  ADD KEY `fk_professores_cursos` (`cursos_id`);

--
-- AUTO_INCREMENT para tabelas despejadas
--

--
-- AUTO_INCREMENT de tabela `alunos`
--
ALTER TABLE `alunos`
  MODIFY `id` int(11) NOT NULL AUTO_INCREMENT, AUTO_INCREMENT=11;

--
-- AUTO_INCREMENT de tabela `cursos`
--
ALTER TABLE `cursos`
  MODIFY `id` int(11) NOT NULL AUTO_INCREMENT, AUTO_INCREMENT=6;

--
-- AUTO_INCREMENT de tabela `professores`
--
ALTER TABLE `professores`
  MODIFY `id` int(11) NOT NULL AUTO_INCREMENT, AUTO_INCREMENT=6;

--
-- Restrições para tabelas despejadas
--

--
-- Restrições para tabelas `alunos`
--
ALTER TABLE `alunos`
  ADD CONSTRAINT `fk_alunos_cursos` FOREIGN KEY (`cursos_id`) REFERENCES `cursos` (`id`);

--
-- Restrições para tabelas `cursos`
--
ALTER TABLE `cursos`
  ADD CONSTRAINT `fk_cursos_professores` FOREIGN KEY (`professores_id`) REFERENCES `professores` (`id`);

--
-- Restrições para tabelas `professores`
--
ALTER TABLE `professores`
  ADD CONSTRAINT `fk_professores_cursos` FOREIGN KEY (`cursos_id`) REFERENCES `cursos` (`id`);
COMMIT;

/*!40101 SET CHARACTER_SET_CLIENT=@OLD_CHARACTER_SET_CLIENT */;
/*!40101 SET CHARACTER_SET_RESULTS=@OLD_CHARACTER_SET_RESULTS */;
/*!40101 SET COLLATION_CONNECTION=@OLD_COLLATION_CONNECTION */;
